ISBN,タイトル,サブタイトル,巻,作者1
9784048936118,タタの魔法使い,,1,うーぱー
9784094530537,地球外少年少女,前編 地球外からの使者,1,カミツキレイニー
9784094530544,地球外少年少女,後編 はじまりの物語,2,カミツキレイニー
9784094515459,さびしがりやのロリフェラトゥ,,ONLY ONE,さがら総
9784040705484,デート・ア・ライブマテリアル,,1,ファンタジア文庫編集部
9784048701747,19-ナインティーン-,,ONLY ONE,メディアワークス文庫
9784840111058,ゼロの使い魔,,1,ヤマグチノボル
9784840111447,ゼロの使い魔,風のアルビオン,2,ヤマグチノボル
9784840111966,ゼロの使い魔,始祖の祈祷書,3,ヤマグチノボル
9784840112369,ゼロの使い魔,誓約の水精霊,4,ヤマグチノボル
9784840112901,ゼロの使い魔,トリスタニアの休日,5,ヤマグチノボル
9784840114493,ゼロの使い魔,贖罪の炎赤石,6,ヤマグチノボル
9784840115018,ゼロの使い魔,銀の降臨祭,7,ヤマグチノボル
9784840115421,ゼロの使い魔,望郷の小夜曲,8,ヤマグチノボル
9784840117074,ゼロの使い魔,双月の舞踏会,9,ヤマグチノボル
9784840117661,ゼロの使い魔,イーヴァルディの勇者,10,ヤマグチノボル
9784840118590,ゼロの使い魔,追憶の二重奏,11,ヤマグチノボル
9784840119009,ゼロの使い魔,妖精達の休日,12,ヤマグチノボル
9784840121101,ゼロの使い魔,聖国の世界扉,13,ヤマグチノボル
9784840123198,ゼロの使い魔,水都市の聖女,14,ヤマグチノボル
9784840124188,ゼロの使い魔,忘却の夢迷宮,15,ヤマグチノボル
9784840126649,ゼロの使い魔,ド・オルニエールの安穏,16,ヤマグチノボル
9784840128070,ゼロの使い魔,黎明の修道女,17,ヤマグチノボル
9784840131537,ゼロの使い魔,滅亡の精霊石,18,ヤマグチノボル
9784840134545,ゼロの使い魔,始祖の円鏡,19,ヤマグチノボル
9784840138215,ゼロの使い魔,古深淵の聖地,20,ヤマグチノボル
9784040681184,ゼロの使い魔,六千年の真実,21,ヤマグチノボル
9784040690841,ゼロの使い魔,ゼロの神話,22,ヤマグチノボル
9784840117265,タバサの冒険 ゼロの使い魔外伝,,1,ヤマグチノボル
9784840120586,タバサの冒険 ゼロの使い魔外伝,,2,ヤマグチノボル
9784840127271,タバサの冒険 ゼロの使い魔外伝,,3,ヤマグチノボル
9784840130530,烈風の騎士姫,,1,ヤマグチノボル
9784840132466,烈風の騎士姫,,2,ヤマグチノボル
9784040692333,ゼロの使い魔Memorial BOOK,,ONLY ONE,ヤマグチノボル
9784049164138,こちら、終末停滞委員会。,,4,逢縁奇演
9784062940344,小説の神様,,ONLY ONE,相沢沙呼
9784040705330,ゲーマーズ！,雨野景太と青春コンティニュー,1,葵せきな
9784040705347,ゲーマーズ！,天道花憐と不意打ちハッピーエンド,2,葵せきな
9784040707532,ゲーマーズ！,星ノ守千秋と初恋ニューゲーム,3,葵せきな
9784040707549,ゲーマーズ！,亜玖璃と無自覚クリティカル,4,葵せきな
9784040709697,ゲーマーズ！,ゲーマーズと全滅ゲームオーバー,5,葵せきな
9784040709703,ゲーマーズ！,ぼっちゲーマーと告白チェインコンボ,6,葵せきな
9784040709710,ゲーマーズ！,ゲーマーズと口づけデッドエンド,7,葵せきな
9784040723693,ゲーマーズ！,星ノ守心春と逆転バックアタック,8,葵せきな
9784040723709,ゲーマーズ！,雨野景太と青春スキルリセット,9,葵せきな
9784040723716,ゲーマーズ！,天道花憐と不意打ちアップデート,10,葵せきな
9784040729008,ゲーマーズ！,ゲーマーズと初恋マルチエンド,11,葵せきな
9784040729015,ゲーマーズ！,ゲーマーズと青春コンティニュー,12,葵せきな
9784040723723,ゲーマーズ！DLC,,1,葵せきな
9784040730257,ゲーマーズ！DLC,,2,葵せきな
9784040731421,ゲーマーズ！DLC,,3,葵せきな
9784907064433,ヴァイオレット・エヴァーガーデン,上巻,1,暁佳奈
9784907064440,ヴァイオレット・エヴァーガーデン,下巻,2,暁佳奈
9784907064815,ヴァイオレット・エヴァーガーデン,外伝,3,暁佳奈
9784910052045,ヴァイオレット・エヴァーガーデン,エバー・アフター,4,暁佳奈
9784049135848,春夏秋冬代行者,春の舞 上,1,暁佳奈
9784049137538,春夏秋冬代行者,春の舞 下,2,暁佳奈
9784049139440,春夏秋冬代行者,夏の舞 上,3,暁佳奈
9784049139433,春夏秋冬代行者,夏の舞 下,4,暁佳奈
9784049146868,春夏秋冬代行者,暁の射手,5,暁佳奈
9784049150766,春夏秋冬代行者,秋の舞 上,6,暁佳奈
9784049150780,春夏秋冬代行者,秋の舞 下,7,暁佳奈
9784049158618,春夏秋冬代行者,黄昏の射手,8,暁佳奈
9784048927055,ひきこもりの弟だった,,ONLY ONE,葦舟ナツ
9784048692403,思春期テレパス,,ONLY ONE,天沢夏月
9784048692403,思春期テレパス,,ONLY ONE,天沢夏月
9784048682909,蒼空時雨,,1,綾崎隼
9784048685849,初恋彗星,,2,綾崎隼
9784048685849,初恋彗星,,2,綾崎隼
9784048687744,永遠虹路,,3,綾崎隼
9784048700535,吐息雪色,,4,綾崎隼
9784048916127,陽炎太陽,,5,綾崎隼
9784048922609,風歌封想,,6,綾崎隼
9784049129113,旋律月下,,7,綾崎隼
9784048706834,ノーブルチルドレンの残酷,,1,綾崎隼
9784048706995,ノーブルチルドレンの告別,,2,綾崎隼
9784048863698,ノーブルチルドレンの断罪,,3,綾崎隼
9784048868075,ノーブルチルドレンの愛情,,4,綾崎隼
9784048660761,ノーブルチルドレンの追想,,5,綾崎隼
9784048863681,INNOCENT DESPERADO,,ONLY ONE,綾崎隼
9784048663762,赤と灰色のサクリファイス,It’s Going to Take Some Time,1,綾崎隼
9784048663779,青と無色のサクリファイス,Let Me Be The One,2,綾崎隼
9784048668576,未来線上のアリア,I’m always close to you,ONLY ONE,綾崎隼
9784062940054,君と時計と嘘の塔,第一幕,1,綾崎隼
9784062940160,君と時計と塔の雨,第二幕,2,綾崎隼
9784062940177,君と時計と雨の雛,第三幕,3,綾崎隼
9784062940184,君と時計と雛の嘘,第四幕,4,綾崎隼
9784048925983,命の後で咲いた花,,ONLY ONE,綾崎隼
9784048939270,レッドスワンの絶命 赤羽高校サッカー部,The REDSWAN Saga Episode.1,1,綾崎隼
9784048939287,レッドスワンの星冠 赤羽高校サッカー部,The REDSWAN Saga Episode.2,2,綾崎隼
9784048939294,レッドスワンの奏鳴 赤羽高校サッカー部,The REDSWAN Saga Episode.3,3,綾崎隼
9784048939317,レッドスワンの飛翔 赤羽高校サッカー部,The REDSWAN Saga Episode.4,4,綾崎隼
9784049128130,レッドスワンの混沌 赤羽高校サッカー部,The REDSWAN Saga Episode.5,5,綾崎隼
9784049128147,レッドスワンの死闘 赤羽高校サッカー部,The REDSWAN Saga Episode.6,6,綾崎隼
9784049138771,セレストブルーの誓約 市条高校サッカー部,,ONLY ONE,綾崎隼
9784065143032,世界で一番かわいそうな私たち,第一幕,1,綾崎隼
9784065149973,世界で一番かわいそうな私たち,第二幕,2,綾崎隼
9784065156025,世界で一番かわいそうな私たち,第三幕,3,綾崎隼
9784041095942,君を描けば嘘になる,,ONLY ONE,綾崎隼
9784048935661,青の誓約 市条高校サッカー部,,ONLY ONE,綾崎隼
9784048935661,青の誓約 市条高校サッカー部,,ONLY ONE,綾崎隼
9784046826398,カルネアデス,天使警察エルと気弱な悪魔,1,綾里けいし
9784040681177,異世界拷問姫,,1,綾里けいし
9784040686318,異世界拷問姫,,2,綾里けいし
9784040687742,異世界拷問姫,,3,綾里けいし
9784040692838,異世界拷問姫,,4,綾里けいし
9784040695075,異世界拷問姫,,5,綾里けいし
9784040698090,異世界拷問姫,,6,綾里けいし
9784040650951,異世界拷問姫,,7,綾里けいし
9784040694429,異世界拷問姫,,7.5,綾里けいし
9784040658537,異世界拷問姫,,8,綾里けいし
9784040645452,異世界拷問姫,,9,綾里けいし
9784041001417,Another,下,2,綾辻行人
9784041041277,AnotherエピソードS,,ONLY ONE,綾辻行人
9784049146684,アオハルデビル,,1,池田明季哉
9784049146691,アオハルデビル,,2,池田明季哉
9784086313292,HELLO WORLD if 勘解由小路三鈴は世界で最初の失恋をする,映画『HELLO WORLD』スピンオフノベライズ,ONLY ONE,伊瀬ネキセ
9784094511499,とある飛空士への恋歌,,2,犬村小六
9784094511772,とある飛空士への恋歌,,3,犬村小六
9784094512267,とある飛空士への恋歌,,4,犬村小六
9784094512854,とある飛空士への夜想曲,上,1,犬村小六
9784094512984,とある飛空士への夜想曲,下,2,犬村小六
9784094513646,とある飛空士への誓約,,1,犬村小六
9784094513967,とある飛空士への誓約,,2,犬村小六
9784094514285,とある飛空士への誓約,,3,犬村小六
9784094514599,とある飛空士への誓約,,4,犬村小六
9784094514735,とある飛空士への誓約,,5,犬村小六
9784094514735,とある飛空士への誓約,,5,犬村小六
9784094515060,とある飛空士への誓約,,6,犬村小六
9784094515312,とある飛空士への誓約,,7,犬村小六
9784094515824,とある飛空士への誓約,,9,犬村小六
9784094516340,やがて恋するヴィヴィ・レイン,,1,犬村小六
9784094516579,やがて恋するヴィヴィ・レイン,,2,犬村小六
9784101800813,女王のポーカー,,1,維羽裕介
9784048705875,僕の小規模な奇跡,,ONLY ONE,入間人間
9784048709699,昨日は彼女も恋してた,,1,入間人間
9784048709705,明日も彼女は恋をする,,2,入間人間
9784048863476,時間のおとしもの,,ONLY ONE,入間人間
9784049159813,安達としまむら,,12,入間人間
9784049153477,安達としまむら99.9,,ONLY ONE,入間人間
9784049153460,安達としまむらSS,,1,入間人間
9784049159820,安達としまむらSS,,2,入間人間
9784048919999,瞳のさがしもの,,ONLY ONE,入間人間
9784048662192,僕の小規模な自殺,,ONLY ONE,入間人間
9784048665087,エウロパの底から,,ONLY ONE,入間人間
9784048927574,少女妄想中。,,ONLY ONE,入間人間
9784048927574,少女妄想中。,,ONLY ONE,入間人間
9784048936088,もうひとつの命,,ONLY ONE,入間人間
9784049141382,私の初恋相手がキスしてた,,1,入間人間
9784041096017,泣きたい私は猫をかぶる,,ONLY ONE,岩佐まもる
9784048926706,キラプリおじさんと幼女先輩,,1,岩沢藍
9784048932738,キラプリおじさんと幼女先輩,,2,岩沢藍
9784048935227,キラプリおじさんと幼女先輩,,3,岩沢藍
9784048863407,ソラの星,,1,岩関昂道
9784049126884,本を愛した彼女と、彼女の本の物語,,ONLY ONE,上野遊
9784048937863,ぼくたちの青春は覇権を取れない。 昇陽高校アニメーション研究部・活動録,,ONLY ONE,有象利路
9784840229111,蒼穹のファフナー,,ONLY ONE,冲方丁
9784150311728,楽園追放 rewired サイバーパンクSF傑作選,,ONLY ONE,虚淵玄/大森望
9784101800721,青の数学,,1,王城夕紀
9784101800820,青の数学,ユークリッド・エクスプローラー,2,王城夕紀
9784040706672,フルメタル・パニック！アナザー,SS,ONLY ONE,大黒尚人
9784797372809,ダンジョンに出会いを求めるのは間違っているだろうか,,1,大森藤ノ
9784797373073,ダンジョンに出会いを求めるのは間違っているだろうか,,2,大森藤ノ
9784797373622,ダンジョンに出会いを求めるのは間違っているだろうか,,3,大森藤ノ
9784797375145,ダンジョンに出会いを求めるのは間違っているだろうか,,4,大森藤ノ
9784797377149,ダンジョンに出会いを求めるのは間違っているだろうか,,5,大森藤ノ
9784797380583,ダンジョンに出会いを求めるのは間違っているだろうか,,6,大森藤ノ
9784797380590,ダンジョンに出会いを求めるのは間違っているだろうか,限定版,6,大森藤ノ
9784797383119,ダンジョンに出会いを求めるのは間違っているだろうか,,7,大森藤ノ
9784797383140,ダンジョンに出会いを求めるのは間違っているだろうか,,8,大森藤ノ
9784797385007,ダンジョンに出会いを求めるのは間違っているだろうか,,9,大森藤ノ
9784797386776,ダンジョンに出会いを求めるのは間違っているだろうか,,10,大森藤ノ
9784797388121,ダンジョンに出会いを求めるのは間違っているだろうか,,11,大森藤ノ
9784797392807,ダンジョンに出会いを求めるのは間違っているだろうか,,12,大森藤ノ
9784797393569,ダンジョンに出会いを求めるのは間違っているだろうか,,13,大森藤ノ
9784797396201,ダンジョンに出会いを求めるのは間違っているだろうか,,14,大森藤ノ
9784797396225,ダンジョンに出会いを求めるのは間違っているだろうか,,15,大森藤ノ
9784815609818,ダンジョンに出会いを求めるのは間違っているだろうか,,17,大森藤ノ
9784797375534,ダンジョンに出会いを求めるのは間違っているだろうか 外伝 ソード・オラトリア,,1,大森藤ノ
9784797377163,ダンジョンに出会いを求めるのは間違っているだろうか 外伝 ソード・オラトリア,,2,大森藤ノ
9784797382037,ダンジョンに出会いを求めるのは間違っているだろうか 外伝 ソード・オラトリア,,3,大森藤ノ
9784797383126,ダンジョンに出会いを求めるのは間違っているだろうか 外伝 ソード・オラトリア,,4,大森藤ノ
9784797383126,ダンジョンに出会いを求めるのは間違っているだろうか 外伝 ソード・オラトリア,,4,大森藤ノ
9784797385083,ダンジョンに出会いを求めるのは間違っているだろうか 外伝 ソード・オラトリア,,5,大森藤ノ
9784797388466,ダンジョンに出会いを求めるのは間違っているだろうか 外伝 ソード・オラトリア,,6,大森藤ノ
9784797389357,ダンジョンに出会いを求めるのは間違っているだろうか 外伝 ソード・オラトリア,限定版,7,大森藤ノ
9784797392340,ダンジョンに出会いを求めるのは間違っているだろうか 外伝 ソード・オラトリア,,8,大森藤ノ
9784797392814,ダンジョンに出会いを求めるのは間違っているだろうか 外伝 ソード・オラトリア,,9,大森藤ノ
9784815604646,ダンジョンに出会いを求めるのは間違っているだろうか ファミリアクロニクル,episodeフレイヤ,2,大森藤ノ
9784815619688,アルゴノゥト ダンジョンに出会いを求めるのは間違っているだろうか英雄譚,前章 道化行進,1,大森藤ノ
9784840139571,あの日見た花の名前を僕達はまだ知らない。,上,1,岡田麿里
9784840146890,あの日見た花の名前を僕達はまだ知らない。,下,2,岡田麿里
9784048653886,君の色に耳をすまして,,ONLY ONE,小川晴央
9784048924269,やり残した、さよならの宿題,,ONLY ONE,小川晴央
9784150312343,君を愛したひとりの僕へ,,ONLY ONE,乙野四方字
9784150312336,僕が愛したすべての君へ,,ONLY ONE,乙野四方字
9784150315252,僕が君の名前を呼ぶから,,ONLY ONE,乙野四方字
9784840132459,機巧少女は傷つかない,Facing“Sword Angel”,2,海冬レイジ
9784840138543,機巧少女は傷つかない,Facing“King’s Singer”,5,海冬レイジ
9784840139731,機巧少女は傷つかない,Facing“Crimson Red”,6,海冬レイジ
9784840143363,機巧少女は傷つかない,Facing“Genuin Legends”,7,海冬レイジ
9784840145497,機巧少女は傷つかない,Facing“Lady Justice”,8,海冬レイジ
9784840148207,機巧少女は傷つかない,Facing“Star Gazer”,9,海冬レイジ
9784840149594,機巧少女は傷つかない,Facing“Target Gold”,10,海冬レイジ
9784840151832,機巧少女は傷つかない,Facing“Dolls Master”,11,海冬レイジ
9784840154154,機巧少女は傷つかない,Facing“Master’s Doll”,12,海冬レイジ
9784040663081,機巧少女は傷つかない,Facing“Elder Empress”,13,海冬レイジ
9784040669106,機巧少女は傷つかない,Facing“Violet Silver”,14,海冬レイジ
9784040674704,機巧少女は傷つかない,Facing“Machine doll 1”,15,海冬レイジ
9784040692869,機巧少女は傷つかない,Facing“Machine doll 2”,16上,海冬レイジ
9784040692876,機巧少女は傷つかない,Facing“Machine doll 2”,16下,海冬レイジ
9784048681971,ブギーポップ・ダークリー 化け猫とめまいのスキャット,,18,上遠野浩平
9784048671712,ヴァルプルギスの後悔,,Fire1.,上遠野浩平
9784048679381,ヴァルプルギスの後悔,,Fire2.,上遠野浩平
9784048687676,ヴァルプルギスの後悔,,Fire3.,上遠野浩平
9784048926423,ぼくの映画。 学園一の美少女をヒロインにキャスティングしてゾンビ映画を撮ろう,,ONLY ONE,金子跳祥
9784048680691,ヘヴィーオブジェクト,,1,鎌池和馬
9784048685948,ヘヴィーオブジェクト,採用戦争,2,鎌池和馬
9784048700511,ヘヴィーオブジェクト,巨人達の影,3,鎌池和馬
9784048705493,ヘヴィーオブジェクト,電子数学の財宝,4,鎌池和馬
9784048709972,ヘヴィーオブジェクト,死の祭典,5,鎌池和馬
9784048866248,ヘヴィーオブジェクト,第三世代への道,6,鎌池和馬
9784048660808,ヘヴィーオブジェクト,亡霊達の警察,7,鎌池和馬
9784048663793,ヘヴィーオブジェクト,ヘヴィーオブジェクト七〇%の支配者,8,鎌池和馬
9784048650649,ヘヴィーオブジェクト,氷点下一九五度の救済,9,鎌池和馬
9784048654524,ヘヴィーオブジェクト,外なる神,10,鎌池和馬
9784048657648,ヘヴィーオブジェクト,バニラ味の化学式,11,鎌池和馬
9784048923538,ヘヴィーオブジェクト,一番小さな戦争,12,鎌池和馬
9784048928359,ヘヴィーオブジェクト,北欧禁猟区シンデレラストーリー,13,鎌池和馬
9784048933315,ヘヴィーオブジェクト,最も賢明な思考放棄,14,鎌池和馬
9784048937870,ヘヴィーオブジェクト,最も賢明な思考放棄 #予測不能の結末,15,鎌池和馬
9784049122077,ヘヴィーオブジェクト,欺瞞迷彩クウェン子ちゃん,16,鎌池和馬
9784049126686,ヘヴィーオブジェクト,純白カウントダウン,17,鎌池和馬
9784049134506,ヘヴィーオブジェクト,天を貫く欲望の槍,18,鎌池和馬
9784049139976,ヘヴィーオブジェクト,人が人を滅ぼす日 上,19,鎌池和馬
9784048865548,インテリビレッジの座敷童,,1,鎌池和馬
9784048910866,インテリビレッジの座敷童,,2,鎌池和馬
9784048916110,インテリビレッジの座敷童,,3,鎌池和馬
9784048666930,インテリビレッジの座敷童,,4,鎌池和馬
9784048690973,インテリビレッジの座敷童,,5,鎌池和馬
9784048651202,インテリビレッジの座敷童,,6,鎌池和馬
9784048651219,インテリビレッジの座敷童,,7,鎌池和馬
9784048653800,インテリビレッジの座敷童,,8,鎌池和馬
9784048655644,インテリビレッジの座敷童,,9,鎌池和馬
9784048868860,ヴァルトラウテさんの婚活事情,,ONLY ONE,鎌池和馬
9784048866996,簡単なアンケートです,,ONLY ONE,鎌池和馬
9784048914192,簡単なモニターです,,ONLY ONE,鎌池和馬
9784048668613,未踏召喚://ブラッドサイン,,1,鎌池和馬
9784048668613,未踏召喚://ブラッドサイン,,1,鎌池和馬
9784048691642,未踏召喚://ブラッドサイン,,2,鎌池和馬
9784048653107,未踏召喚://ブラッドサイン,,3,鎌池和馬
9784048656603,未踏召喚://ブラッドサイン,,4,鎌池和馬
9784048921169,未踏召喚://ブラッドサイン,,5,鎌池和馬
9784048925501,未踏召喚://ブラッドサイン,,6,鎌池和馬
9784048929516,未踏召喚://ブラッドサイン,,7,鎌池和馬
9784048936781,未踏召喚://ブラッドサイン,,8,鎌池和馬
9784049121667,未踏召喚://ブラッドサイン,,9,鎌池和馬
9784049125665,未踏召喚://ブラッドサイン,,10,鎌池和馬
9784048658270,最強をこじらせたレベルカンスト剣聖女ベアトリーチェの弱点 その名は『ぶーぶー』,,1,鎌池和馬
9784048922036,最強をこじらせたレベルカンスト剣聖女ベアトリーチェの弱点 その名は『ぶーぶー』,,2,鎌池和馬
9784048924504,最強をこじらせたレベルカンスト剣聖女ベアトリーチェの弱点 その名は『ぶーぶー』,,3,鎌池和馬
9784048927420,最強をこじらせたレベルカンスト剣聖女ベアトリーチェの弱点 その名は『ぶーぶー』,,4,鎌池和馬
9784048932783,最強をこじらせたレベルカンスト剣聖女ベアトリーチェの弱点 その名は『ぶーぶー』,,5,鎌池和馬
9784048935869,最強をこじらせたレベルカンスト剣聖女ベアトリーチェの弱点 その名は『ぶーぶー』,,6,鎌池和馬
9784048935869,最強をこじらせたレベルカンスト剣聖女ベアトリーチェの弱点 その名は『ぶーぶー』,,6,鎌池和馬
9784049124552,最強をこじらせたレベルカンスト剣聖女ベアトリーチェの弱点 その名は『ぶーぶー』,,7,鎌池和馬
9784049128086,アポカリプス・ウィッチ 飽食時代の〈最強〉たちへ,,1,鎌池和馬
9784049130096,アポカリプス・ウィッチ 飽食時代の〈最強〉たちへ,,2,鎌池和馬
9784049134490,アポカリプス・ウィッチ 飽食時代の〈最強〉たちへ,,3,鎌池和馬
9784049135770,神角技巧と11人の破壊者,上 破壊の章,1,鎌池和馬
9784049136807,神角技巧と11人の破壊者,中 創造の章,2,鎌池和馬
9784049137262,神角技巧と11人の破壊者,下 想いの章,3,鎌池和馬
9784049138672,使える魔法は一つしかないけれど、これでクール可愛いダークエルフとイチャイチャできるならどう考えても勝ち組だと思う,,ONLY ONE,鎌池和馬
9784049152067,赤点魔女に異世界最強の個別指導を！,,1,鎌池和馬
9784048664875,青春ブタ野郎はバニーガール先輩の夢を見ない,,1,鴨志田一
9784048668088,青春ブタ野郎はプチデビル後輩の夢を見ない,,2,鴨志田一
9784048691734,青春ブタ野郎はロジカルウィッチの夢を見ない,,3,鴨志田一
9784048651356,青春ブタ野郎はシスコンアイドルの夢を見ない,,4,鴨志田一
9784048653947,青春ブタ野郎はおるすばん妹の夢を見ない,,5,鴨志田一
9784048658911,青春ブタ野郎はゆめみる少女の夢を見ない,,6,鴨志田一
9784048922814,青春ブタ野郎はハツコイ少女の夢を見ない,,7,鴨志田一
9784048935852,青春ブタ野郎はおでかけシスターの夢を見ない,,8,鴨志田一
9784049120172,青春ブタ野郎はランドセルガールの夢を見ない,,9,鴨志田一
9784049128505,青春ブタ野郎は迷えるシンガーの夢を見ない,,10,鴨志田一
9784049128505,青春ブタ野郎は迷えるシンガーの夢を見ない,,10,鴨志田一
9784049129021,青春ブタ野郎はナイチンゲールの夢を見ない,,11,鴨志田一
9784049139365,青春ブタ野郎はマイスチューデントの夢を見ない,,12,鴨志田一
9784049151312,青春ブタ野郎はガールフレンドの夢を見ない,,14,鴨志田一
9784049164046,青春ブタ野郎はビーチクイーンの夢を見ない+,,16,鴨志田一
9784048677608,ソードアート・オンライン,アインクラッド,1,川原礫
9784048679350,ソードアート・オンライン,アインクラッド,2,川原礫
9784048681933,ソードアート・オンライン,フェアリィ・ダンス,3,川原礫
9784048684521,ソードアート・オンライン,フェアリィ・ダンス,4,川原礫
9784048687638,ソードアート・オンライン,ファントム・バレット,5,川原礫
9784048701327,ソードアート・オンライン,ファントム・バレット,6,川原礫
9784048704311,ソードアート・オンライン,マザーズ・ロザリオ,7,川原礫
9784048707336,ソードアート・オンライン,アーリー・アンド・レイト,8,川原礫
9784048862714,ソードアート・オンライン,アリシゼーション・ビギニング,9,川原礫
9784048866972,ソードアート・オンライン,アリシゼーション・ランニング,10,川原礫
9784048911573,ソードアート・オンライン,アリシゼーション・ターニング,11,川原礫
9784048915298,ソードアート・オンライン,アリシゼーション・ライジング,12,川原礫
9784048917575,ソードアート・オンライン,アリシゼーション・ディバイディング,13,川原礫
9784048665056,ソードアート・オンライン,アリシゼーション・ユナイティング,14,川原礫
9784048667753,ソードアート・オンライン,アリシゼーション・インベーディング,15,川原礫
9784048653077,ソードアート・オンライン,アリシゼーション・エクスプローディング,16,川原礫
9784048658836,ソードアート・オンライン,アリシゼーション・アウェイクニング,17,川原礫
9784048922500,ソードアート・オンライン,アリシゼーション・ラスティング,18,川原礫
9784048926683,ソードアート・オンライン,ムーン・クレイドル,19,川原礫
9784048932837,ソードアート・オンライン,ムーン・クレイドル,20,川原礫
9784049128918,ソードアート・オンライン,ユナイタル・リング 2,23,川原礫
9784049122114,ソードアート・オンライン,ユナイタル・リング 1,21,川原礫
9784049126754,ソードアート・オンライン,キス・アンド・フライ,22,川原礫
9784049131550,ソードアート・オンライン,ユナイタル・リング,24,川原礫
9784048869775,ソードアート・オンライン プログレッシブ,,1,川原礫
9784048661638,ソードアート・オンライン プログレッシブ,,2,川原礫
9784048690966,ソードアート・オンライン プログレッシブ,,3,川原礫
9784048655668,ソードアート・オンライン プログレッシブ,,4,川原礫
9784048937979,ソードアート・オンライン プログレッシブ,,6,川原礫
9784048665100,絶対ナル孤独者,咀嚼者The Biter,1,川原礫
9784049146776,デモンズ・クレスト,現実∽侵食,1,川原礫
9784049136869,ユア・フォルマ,電索官エチカと機械仕掛けの相棒,1,菊石まれほ
9784049140019,ユア・フォルマ,電索官エチカと群衆の見た夢,3,菊石まれほ
9784048682886,ガーデン・ロスト,,ONLY ONE,紅玉いづき
9784101800042,いなくなれ、群青,,1,河野裕
9784101800349,その白さえ嘘だとしても,,2,河野裕
9784101800561,汚れた赤を恋と呼ぶんだ,,3,河野裕
9784101800806,凶器は壊れた黒の叫び,,4,河野裕
9784101801032,夜空の呪いに色はない,,5,河野裕
9784101801469,きみの世界に、青が鳴る,,6,河野裕
9784101801636,さよならの言い方なんて知らない。,,1,河野裕
9784101801636,さよならの言い方なんて知らない。,,1,河野裕
9784048659130,ゼロから始める魔法の書,詠月の魔女,6,虎走かける
9784048928243,ゼロから始める魔法の書,ゼロの傭兵 上,9,虎走かける
9784049152784,ソードアート・オンラインオルタナティブ ミステリ・ラビリンス 迷宮館の殺人,,ONLY ONE,紺野天龍
9784101801421,昭和少女探偵團,,ONLY ONE,彩藤アザミ
9784049124088,死にたがりの聖女に幸せな終末を。,,ONLY ONE,西塔鼎
9784049129496,いつかここにいた貴方のために/ずっとそこにいる貴方のために,,ONLY ONE,西塔鼎
9784048933377,ラノベ作家になりたくて震える。,,ONLY ONE,嵯峨伊緒
9784049132717,星継ぐ塔と機械の姉妹,,ONLY ONE,佐藤ケイ
9784048705974,魔法科高校の劣等生,1 入学編 上,1,佐島勤
9784048705981,魔法科高校の劣等生,2 入学編 下,2,佐島勤
9784048709989,魔法科高校の劣等生,3 九校戦編 上,3,佐島勤
9784048709996,魔法科高校の劣等生,4 九校戦編 下,4,佐島勤
9784048865227,魔法科高校の劣等生,5 夏休み編+1,5,佐島勤
9784048867009,魔法科高校の劣等生,6 横浜騒乱編 上,6,佐島勤
9784048867016,魔法科高校の劣等生,7 横浜騒乱編 下,7,佐島勤
9784048911580,魔法科高校の劣等生,8 追憶編,8,佐島勤
9784048914239,魔法科高校の劣等生,9 来訪者編 上,9,佐島勤
9784048916097,魔法科高校の劣等生,10 来訪者編 中,10,佐島勤
9784048916103,魔法科高校の劣等生,11 来訪者編 下,11,佐島勤
9784048660037,魔法科高校の劣等生,12 ダブルセブン編,12,佐島勤
9784048665070,魔法科高校の劣等生,13 スティープルチェース編,13,佐島勤
9784048668606,魔法科高校の劣等生,14 古都内乱編 上,14,佐島勤
9784048691673,魔法科高校の劣等生,15 古都内乱編 下,15,佐島勤
9784048651165,魔法科高校の劣等生,16 四葉継承編,16,佐島勤
9784048653138,魔法科高校の劣等生,17 師族会議編 上,17,佐島勤
9784048655125,魔法科高校の劣等生,18 師族会議編 中,18,佐島勤
9784048658096,魔法科高校の劣等生,19 師族会議編 下,19,佐島勤
9784048659529,魔法科高校の劣等生,SS,19.5,佐島勤
9784048923187,魔法科高校の劣等生,20 南海騒擾編,20,佐島勤
9784048932813,魔法科高校の劣等生,23 孤立編,23,佐島勤
9784048936866,魔法科高校の劣等生,24 エスケープ編 上,24,佐島勤
9784048937924,魔法科高校の劣等生,25 エスケープ編 下,25,佐島勤
9784048939706,魔法科高校の劣等生,26 インベージョン編,26,佐島勤
9784049121636,魔法科高校の劣等生,27 急転編,27,佐島勤
9784049125603,魔法科高校の劣等生,28 追跡編 上,28,佐島勤
9784049125719,魔法科高校の劣等生,29 追跡編 下,29,佐島勤
9784049127386,魔法科高校の劣等生,30 奪還編,30,佐島勤
9784049130676,魔法科高校の劣等生,31 未来編,31,佐島勤
9784049132533,魔法科高校の劣等生,32 サクリファイス編/卒業編,32,佐島勤
9784049120219,魔法科高校の劣等生 司波達也暗殺計画,,1,佐島勤
9784049122657,魔法科高校の劣等生 司波達也暗殺計画,,2,佐島勤
9784049130027,魔法科高校の劣等生 司波達也暗殺計画,,3,佐島勤
9784049132540,続・魔法科高校の劣等生 メイジアン・カンパニー,,1,佐島勤
9784049136234,続・魔法科高校の劣等生 メイジアン・カンパニー,,2,佐島勤
9784049139310,続・魔法科高校の劣等生 メイジアン・カンパニー,,3,佐島勤
9784049151138,続・魔法科高校の劣等生 メイジアン・カンパニー,,7,佐島勤
9784049159776,続・魔法科高校の劣等生 メイジアン・カンパニー,,9,佐島勤
9784049163995,続・魔法科高校の劣等生 メイジアン・カンパニー,,10,佐島勤
9784049165869,続・魔法科高校の劣等生 メイジアン・カンパニー,,11,佐島勤
9784049132625,新・魔法科高校の劣等生 キグナスの乙女たち,,1,佐島勤
9784049137286,新・魔法科高校の劣等生 キグナスの乙女たち,,2,佐島勤
9784049139327,新・魔法科高校の劣等生 キグナスの乙女たち,,3,佐島勤
9784049145281,新・魔法科高校の劣等生 キグナスの乙女たち,,5,佐島勤
9784049159783,新・魔法科高校の劣等生 キグナスの乙女たち,,7,佐島勤
9784049158540,魔法科高校の劣等生 夜の帳に闇は閃く,,2,佐島勤
9784815603939,処刑少女の生きる道,ホワイト・アウト,2,佐藤真登
9784815604813,処刑少女の生きる道,鉄砂の檻,3,佐藤真登
9784299050779,きみの色,,ONLY ONE,佐野晶
9784048926751,君は月夜に光り輝く,,ONLY ONE,佐野徹夜
9784049123395,君は月夜に光り輝く,+Fragments,2,佐野徹夜
9784048934145,この世界に i をこめて,,ONLY ONE,佐野徹夜
9784049120370,アオハル・ポイント,,ONLY ONE,佐野徹夜
9784101801902,さよなら世界の終わり,,ONLY ONE,佐野徹夜
9784840228329,キノの旅 the Beautiful World,,8,時雨沢恵一
9784840220606,アリソン,,1,時雨沢恵一
9784840223072,アリソン,II 真昼の夜の夢,2,時雨沢恵一
9784840226295,アリソン,III上 ルトニを車窓から,3,時雨沢恵一
9784840226813,アリソン,III下 陰謀という名の列車,4,時雨沢恵一
9784840229937,リリアとトレイズ,I そして二人は旅行に行った 上,1,時雨沢恵一
9784840230377,リリアとトレイズ,II そして二人は旅行に行った 下,2,時雨沢恵一
9784840233422,リリアとトレイズ,III イクストーヴァの一番長い日 上,3,時雨沢恵一
9784840234276,リリアとトレイズ,IV イクストーヴァの一番長い日 下,4,時雨沢恵一
9784840237543,リリアとトレイズ,V 私の王子様 上,5,時雨沢恵一
9784840238007,リリアとトレイズ,VI 私の王子様 下,6,時雨沢恵一
9784840241847,メグとセロン,I 三三〇五年の夏休み 上,1,時雨沢恵一
9784048670623,メグとセロン,II 三三〇五年の夏休み 下,2,時雨沢恵一
9784048671262,メグとセロン,III ウレリックスの憂鬱,3,時雨沢恵一
9784048675925,メグとセロン,IV エアコ村連続殺人事件,4,時雨沢恵一
9784048683920,メグとセロン,V ラリー・ヘップバーンの罠,5,時雨沢恵一
9784048703864,メグとセロン,VI 第四上級学校な日々,6,時雨沢恵一
9784048865968,メグとセロン,VII 婚約者は突然に,7,時雨沢恵一
9784048914383,一つの大陸の物語,上 アリソンとヴィルとリリアとトレイズとメグとセロンとその他,1,時雨沢恵一
9784048916004,一つの大陸の物語,下 アリソンとヴィルとリリアとトレイズとメグとセロンとその他,2,時雨沢恵一
9784049126655,学園キノ,,6,時雨沢恵一
9784048690959,ソードアート・オンラインオルタナティブ ガンゲイル・オンライン,セカンド・スクワッド・ジャム 上,2,時雨沢恵一
9784048651905,ソードアート・オンラインオルタナティブ ガンゲイル・オンライン,セカンド・スクワッド・ジャム 下,3,時雨沢恵一
9784048658188,ソードアート・オンラインオルタナティブ ガンゲイル・オンライン,サード・スクワッド・ジャム ビトレイヤーズ・チョイス 上,4,時雨沢恵一
9784048921107,ソードアート・オンラインオルタナティブ ガンゲイル・オンライン,サード・スクワッド・ジャム ビトレイヤーズ・チョイス 下,5,時雨沢恵一
9784048927451,ソードアート・オンラインオルタナティブ ガンゲイル・オンライン,ワン・サマー・デイ,6,時雨沢恵一
9784048937894,ソードアート・オンラインオルタナティブ ガンゲイル・オンライン,フォース・スクワッド・ジャム 上,7,時雨沢恵一
9784048938785,ソードアート・オンラインオルタナティブ ガンゲイル・オンライン,フォース・スクワッド・ジャム 中,8,時雨沢恵一
9784049120936,ソードアート・オンラインオルタナティブ ガンゲイル・オンライン,フォース・スクワッド・ジャム 下,9,時雨沢恵一
9784049159073,ソードアート・オンラインオルタナティブ ガンゲイル・オンライン,インビテーション・フロム・ビービー,14,時雨沢恵一
9784049121117,私が大好きな小説家を殺すまで,,ONLY ONE,斜線堂有紀
9784797384840,りゅうおうのおしごと！,,1,白鳥士郎
9784797386769,りゅうおうのおしごと！,,2,白鳥士郎
9784797386769,りゅうおうのおしごと！,,2,白鳥士郎
9784797388176,りゅうおうのおしごと！,,3,白鳥士郎
9784797388183,りゅうおうのおしごと！,,4,白鳥士郎
9784797390094,りゅうおうのおしごと！,,5,白鳥士郎
9784797391893,りゅうおうのおしごと！,,6,白鳥士郎
9784797395501,りゅうおうのおしごと！,,7,白鳥士郎
9784797395501,りゅうおうのおしごと！,,7,白鳥士郎
9784797395921,りゅうおうのおしごと！,,8,白鳥士郎
9784797395921,りゅうおうのおしごと！,,8,白鳥士郎
9784797396270,りゅうおうのおしごと！,,9,白鳥士郎
9784797396270,りゅうおうのおしごと！,,9,白鳥士郎
9784815601010,りゅうおうのおしごと！,,10,白鳥士郎
9784815603786,りゅうおうのおしごと！,,11,白鳥士郎
9784815605339,りゅうおうのおしごと！,,12,白鳥士郎
9784815605339,りゅうおうのおしごと！,,12,白鳥士郎
9784815606442,りゅうおうのおしごと！,,13,白鳥士郎
9784815606619,りゅうおうのおしごと！,,14,白鳥士郎
9784815615024,りゅうおうのおしごと！,,16,白鳥士郎
9784815622435,りゅうおうのおしごと！,,18,白鳥士郎
9784815623531,りゅうおうのおしごと！ 盤外編,,1,白鳥士郎
9784101802084,冬の朝、そっと担任を突き落とす,,ONLY ONE,白河三兎
9784065145302,虚構推理,,1,城平京
9784065308714,虚構推理短編集,岩永琴子の密室,3,城平京
9784048911498,終わる世界のアルバム,,ONLY ONE,杉井光
9784049131574,楽園ノイズ,,1,杉井光
9784049142174,楽園ノイズ,,4,杉井光
9784049156515,楽園ノイズ,,7,杉井光
9784049163025,サンバカ!!!,,ONLY ONE,助六稲荷
9784840234863,タザリア王国物語,影の皇子,1,スズキヒサシ
9784840236072,タザリア王国物語,黒狼の騎士,2,スズキヒサシ
9784840241489,タザリア王国物語,炎虐の皇女,3,スズキヒサシ
9784048670937,タザリア王国物語,獣面の暗殺者,4,スズキヒサシ
9784048674300,タザリア王国物語,山獄の獅子王,5,スズキヒサシ
9784048682855,タザリア王国物語,乱峰の荒鷹,6,スズキヒサシ
9784048926652,賭博師は祈らない,,1,周藤蓮
9784048932752,賭博師は祈らない,,2,周藤蓮
9784101800288,謎好き乙女と奪われた青春,,ONLY ONE,瀬川コウ
9784101800288,謎好き乙女と奪われた青春,,ONLY ONE,瀬川コウ
9784840222181,灼眼のシャナ,,1,高橋弥七郎
9784840223218,灼眼のシャナ,II,2,高橋弥七郎
9784840224109,灼眼のシャナ,III,3,高橋弥七郎
9784840224109,灼眼のシャナ,III,3,高橋弥七郎
9784840224390,灼眼のシャナ,IV,4,高橋弥七郎
9784840225199,灼眼のシャナ,V,5,高橋弥七郎
9784840226080,灼眼のシャナ,VI,6,高橋弥七郎
9784840227254,灼眼のシャナ,VII,7,高橋弥七郎
9784840228336,灼眼のシャナ,VIII,8,高橋弥七郎
9784840230506,灼眼のシャナ,0,9.5,高橋弥七郎
9784840228817,灼眼のシャナ,IX,9,高橋弥七郎
9784840231428,灼眼のシャナ,X,10,高橋弥七郎
9784840232043,灼眼のシャナ,XI,11,高橋弥七郎
9784840233040,灼眼のシャナ,XII,12,高橋弥七郎
9784840235495,灼眼のシャナ,XIII,13,高橋弥七郎
9784840237192,灼眼のシャナ,XIV,14,高橋弥七郎
9784840239295,灼眼のシャナ,XV,15,高橋弥七郎
9784840240611,灼眼のシャナ,XVI,16,高橋弥七郎
9784048673419,灼眼のシャナ,XVII,17,高橋弥七郎
9784048675215,灼眼のシャナ,XVIII,18,高橋弥七郎
9784048680073,灼眼のシャナ,XIX,19,高橋弥七郎
9784048684514,灼眼のシャナ,XX,20,高橋弥七郎
9784048709606,灼眼のシャナ,XXII,22,高橋弥七郎
9784840234429,灼眼のシャナS,,1,高橋弥七郎
9784049152722,灼眼のシャナS,IV,4,高橋弥七郎
9784048913027,カナエの星,,1,高橋弥七郎
9784048684705,ダーク・サイド 闇と光とクリスマス,,ONLY ONE,鷹村庵
9784048860789,逃げろ。,,ONLY ONE,高村透
9784800217479,響け！ユーフォニアム,北宇治高校吹奏楽部へようこそ,1,武田綾乃
9784800239068,響け！ユーフォニアム,北宇治高校吹奏楽部のいちばん熱い夏,2,武田綾乃
9784800293992,響け！ユーフォニアム,北宇治高校吹奏楽部、決意の最終楽章 前編,6,武田綾乃
9784800294012,響け！ユーフォニアム,北宇治高校吹奏楽部、決意の最終楽章 後編,7,武田綾乃
9784800258724,響け！ユーフォニアム 立華高校マーチングバンドへようこそ 前編,,1,武田綾乃
9784101801476,君と漕ぐ,ながとろ高校カヌー部,1,武田綾乃
9784101801643,君と漕ぐ,ながとろ高校カヌー部と強敵たち,2,武田綾乃
9784101802008,君と漕ぐ,ながとろ高校カヌー部と孤高の女王,3,武田綾乃
9784840233538,とらドラ！,,1,竹宮ゆゆこ
9784840234382,とらドラ！,,2,竹宮ゆゆこ
9784840235518,とらドラ！,,3,竹宮ゆゆこ
9784840236812,とらドラ！,,4,竹宮ゆゆこ
9784840239325,とらドラ！,,5,竹宮ゆゆこ
9784840241175,とらドラ！,,6,竹宮ゆゆこ
9784048670197,とらドラ！,,7,竹宮ゆゆこ
9784048671705,とらドラ！,,8,竹宮ゆゆこ
9784048672658,とらドラ！,,9,竹宮ゆゆこ
9784048675932,とらドラ！,,10,竹宮ゆゆこ
9784840238380,とらドラ・スピンオフ！,幸福の桜色トルネード,1,竹宮ゆゆこ
9784048674591,とらドラ・スピンオフ！,,2,竹宮ゆゆこ
9784048684569,とらドラ・スピンオフ！,俺の弁当を見てくれ,3,竹宮ゆゆこ
9784048688789,ゴールデンタイム,春にしてブラックアウト,1,竹宮ゆゆこ
9784048703819,ゴールデンタイム,答えはYES,2,竹宮ゆゆこ
9784048707350,ゴールデンタイム,仮面舞踏会,3,竹宮ゆゆこ
9784048865463,ゴールデンタイム,裏腹なるdon’t look back,4,竹宮ゆゆこ
9784048866316,ゴールデンタイム,外伝 二次元くんスペシャル,4.5,竹宮ゆゆこ
9784048868976,ゴールデンタイム,ONRYOの夏日本の夏,5,竹宮ゆゆこ
9784048913249,ゴールデンタイム,番外 百年後の夏もあたしたちは笑ってる,5.5,竹宮ゆゆこ
9784048915571,ゴールデンタイム,この世のほかの思い出に,6,竹宮ゆゆこ
9784048918589,ゴールデンタイム,列伝 AFRICA,6.5,竹宮ゆゆこ
9784048660594,ゴールデンタイム,I’ll Be Back,7,竹宮ゆゆこ
9784101800028,知らない映画のサントラを聴く,,ONLY ONE,竹宮ゆゆこ
9784101800653,砕け散るところを見せてあげる,,ONLY ONE,竹宮ゆゆこ
9784829137048,デート・ア・ライブ,狂三キラー,3,橘公司
9784829137956,デート・ア・ライブ,八舞テンペスト,5,橘公司
9784829138359,デート・ア・ライブ,美九リリィ,6,橘公司
9784829138717,デート・ア・ライブ,美九トゥルース,7,橘公司
9784829139387,デート・ア・ライブ,七罪サーチ,8,橘公司
9784047129740,デート・ア・ライブ,七罪チェンジ,9,橘公司
9784040700663,デート・ア・ライブ,鳶一エンジェル,10,橘公司
9784040701431,デート・ア・ライブ,鳶一デビル,11,橘公司
9784040701516,デート・ア・ライブ,五河ディザスター,12,橘公司
9784040709284,デート・ア・ライブ,狂三リフレイン,16,橘公司
9784040709291,デート・ア・ライブ,狂三ラグナロク,17,橘公司
9784040709291,デート・ア・ライブ,狂三ラグナロク,17,橘公司
9784040725659,デート・ア・ライブ,澪ゲームオーバー,19,橘公司
9784829138922,デート・ア・ライブアンコール,,1,橘公司
9784040701165,デート・ア・ライブアンコール,,2,橘公司
9784040701493,デート・ア・ライブアンコール,,3,橘公司
9784040706962,デート・ア・ライブアンコール,,4,橘公司
9784040709260,デート・ア・ライブアンコール,,5,橘公司
9784040720920,デート・ア・ライブアンコール,,6,橘公司
9784040725642,デート・ア・ライブアンコール,,7,橘公司
9784040725642,デート・ア・ライブアンコール,,7,橘公司
9784040729435,デート・ア・ライブアンコール,,8,橘公司
9784040729435,デート・ア・ライブアンコール,,8,橘公司
9784040732695,デート・ア・ライブアンコール,,9,橘公司
9784040751825,魔術探偵・時崎狂三の事件簿,,2,橘公司
9784040757780,魔術探偵・時崎狂三の回顧録,,2,橘公司
9784101800103,天久鷹央の推理カルテ,,1,知念実希人
9784101800271,天久鷹央の推理カルテ,ファントムの病棟,2,知念実希人
9784101800356,天久鷹央の推理カルテ,密室のパラノイア,3,知念実希人
9784101801094,甦る殺人者 天久鷹央の事件カルテ,,ONLY ONE,知念実希人
9784408559421,鏡面のエリクサー 天久鷹央の事件カルテ,,19,知念実希人
9784094515183,楽園追放 mission.0,,ONLY ONE,手代木正太郎
9784048860895,沢木道楽堂怪奇録,はじまりのひとり,1,寺本耕也
9784048913010,沢木道楽堂怪奇録,最後の魔女,2,寺本耕也
9784048672740,電撃コラボレーション 最後の鐘が鳴るとき,,ONLY ONE,電撃文庫記念企画
9784049162301,妖精の物理学,―PHysics PHenomenon PHantom―,ONLY ONE,電磁幽体
9784040737232,計画的失恋とワンダーラブ,,ONLY ONE,時本紗羽
9784048918114,人質のジレンマ,上,1,土橋真二郎
9784048919975,人質のジレンマ,下,2,土橋真二郎
9784048915311,OP-TICKET GAME,,1,土橋真二郎
9784048669405,FAKE OF THE DEAD,,ONLY ONE,土橋真二郎
9784048929622,AIに負けた夏,,ONLY ONE,土橋真二郎
9784048934626,処刑タロット,,1,土橋真二郎
9784049121612,バーチャル人狼ゲーム 今夜僕は君を吊る,,ONLY ONE,土橋真二郎
9784049137859,魔法少女ダービー,,1,土橋真二郎
9784048932714,数字で救う！弱小国家,電卓で戦争する方法を求めよ。ただし敵は剣と火薬で武装しているものとする。,1,長田信織
9784048937962,数字で救う！弱小国家,電卓で友だちを作る方法を求めよ。ただし最強の騎兵隊が迫っているものとする。,2,長田信織
9784049120233,数字で救う！弱小国家,幸せになれる確率を求めよ。ただしあなたの過去は変わらないものとする。,3,長田信織
9784049126716,数字で救う！弱小国家,平和でいられる確率を求めよ。ただし大戦争は必須であるものとする。,4,長田信織
9784049128932,数字で救う！弱小国家,勝利するものを描け。ただし敵は自軍より精鋭と大軍であるものとする。,5,長田信織
9784049134469,美少女エルフ〈大嘘〉が救う！弱小領地,万有引力だけだと思った？前世の知識で経済無双,1,長田信織
9784040662084,Re:ゼロから始める異世界生活,,1,長月達平
9784040663098,Re:ゼロから始める異世界生活,,2,長月達平
9784040663340,Re:ゼロから始める異世界生活,,3,長月達平
9784040667805,Re:ゼロから始める異世界生活,,4,長月達平
9784040671222,Re:ゼロから始める異世界生活,,5,長月達平
9784040674681,Re:ゼロから始める異世界生活,,6,長月達平
9784040677804,Re:ゼロから始める異世界生活,,7,長月達平
9784040681771,Re:ゼロから始める異世界生活,,8,長月達平
9784040686271,Re:ゼロから始める異世界生活,,9,長月達平
9784040686271,Re:ゼロから始める異世界生活,,9,長月達平
9784040686769,Re:ゼロから始める異世界生活,,10,長月達平
9784040687704,Re:ゼロから始める異世界生活,,11,長月達平
9784040692852,Re:ゼロから始める異世界生活,,13,長月達平
9784040694597,Re:ゼロから始める異世界生活,,14,長月達平
9784040698168,Re:ゼロから始める異世界生活,,16,長月達平
9784040651583,Re:ゼロから始める異世界生活,,17,長月達平
9784040653808,Re:ゼロから始める異世界生活,,18,長月達平
9784040657950,Re:ゼロから始める異世界生活,,20,長月達平
9784040640068,Re:ゼロから始める異世界生活,,21,長月達平
9784040647302,Re:ゼロから始める異世界生活,,23,長月達平
9784040649450,Re:ゼロから始める異世界生活,,24,長月達平
9784046800800,Re:ゼロから始める異世界生活,,25,長月達平
9784046805102,Re:ゼロから始める異世界生活,,27,長月達平
9784040696096,Re:ゼロから始める異世界生活 短編集,,3,長月達平
9784040645858,Re:ゼロから始める異世界生活 短編集,,6,長月達平
9784040680095,Re:ゼロから始める異世界生活 Ex,剣鬼恋歌,2,長月達平
9784040699530,Re:ゼロから始める異世界生活 Ex,剣鬼恋譚,3,長月達平
9784040687414,Re:ゼロから始める異世界生活 Re:zeropedia,,ONLY ONE,長月達平
9784167907259,天使は奇跡を希う,,ONLY ONE,七月隆文
9784048662178,デュラララ！！,×13,13,成田良悟
9784048664868,デュラララ！！SH,×1,1,成田良悟
9784048690089,デュラララ！！SH,×2,2,成田良悟
9784048691697,デュラララ！！SH,×3,3,成田良悟
9784048668309,デュラララ！！外伝！？,,ONLY ONE,成田良悟
9784048668309,デュラララ！！外伝！？,,ONLY ONE,成田良悟
9784048652438,折原臨也と、夕焼けを,,1,成田良悟
9784062754309,クビキリサイクル,青色サヴァンと戯言遣い,1,西尾維新
9784062761796,サイコロジカル,上 兎吊木垓輔の戯言殺し,4,西尾維新
9784062762120,サイコロジカル,下 曳かれ者の小唄,5,西尾維新
9784062762267,ヒトクイマジカル,殺戮奇術の匂宮兄妹,6,西尾維新
9784062763899,ネコソギラジカル,下 青色サヴァンと戯言遣い,9,西尾維新
9784062771214,零崎双識の人間試験,,1,西尾維新
9784062772068,零崎軋識の人間ノック,,2,西尾維新
9784062773720,零崎曲識の人間人間,,3,西尾維新
9784062779388,零崎人識の人間関係,戯言遣いとの関係,7,西尾維新
9784062779371,零崎人識の人間関係,無桐伊織との関係,5,西尾維新
9784062779340,零崎人識の人間関係,零崎双識との関係,6,西尾維新
9784062779302,零崎人識の人間関係,匂宮出夢との関係,4,西尾維新
9784062764919,ダブルダウン勘繰郎 トリプルプレイ助悪郎,,ONLY ONE,西尾維新
9784062940016,美少年探偵団 きみだけに光かがやく暗黒星,,1,西尾維新
9784062940115,ぺてん師と空気男と美少年,,2,西尾維新
9784062940115,ぺてん師と空気男と美少年,,2,西尾維新
9784062940238,屋根裏の美少年,,3,西尾維新
9784062940238,屋根裏の美少年,,3,西尾維新
9784062940474,押絵と旅する美少年,,4,西尾維新
9784062940498,パノラマ島美談,,5,西尾維新
9784062940658,D坂の美少年,,6,西尾維新
9784062940955,美少年椅子,,7,西尾維新
9784062941228,緑衣の美少年,,8,西尾維新
9784062932462,少女不十分,,ONLY ONE,西尾維新
9784048936149,世界の果てのランダム・ウォーカー,,ONLY ONE,西条陽
9784048664660,罪色の環 リジャッジメント,,ONLY ONE,仁科裕貴
9784048656894,初恋ロスタイム,,ONLY ONE,仁科裕貴
9784049126280,初恋ロスタイム,Advanced Time,2,仁科裕貴
9784061389564,魔法少女まどか☆マギカ,上,1,一肇
9784061389571,魔法少女まどか☆マギカ,下,2,一肇
9784864725378,最後の医者は桜を見上げて君を想う,,ONLY ONE,二宮敦人
9784864726818,最後の医者は雨上がりの空に君を願う,上,2,二宮敦人
9784864726825,最後の医者は雨上がりの空に君を願う,下,3,二宮敦人
9784041086551,小説空の青さを知る人よ,,ONLY ONE,額賀澪
9784048704731,小説家の作り方,,ONLY ONE,野崎まど
9784049121995,あの日、神様に願ったことは,kiss of the orange prince,1,葉月文
9784101801667,犯人IAのインテリジェンス・アンプリファー,探偵AI2,2,早坂吝
9784101802206,四元館の殺人,探偵AIのリアル・ディープラーニング,3,早坂吝
9784048701389,0能者ミナト,,1,葉山透
9784048706841,0能者ミナト,,2,葉山透
9784048862684,0能者ミナト,,3,葉山透
9784040722399,デート・ア・バレット デート・ア・ライブフラグメント,,1,東出祐一郎
9784840132527,僕は友達が少ない,,3,平坂読
9784840134576,僕は友達が少ない,,4,平坂読
9784840135894,僕は友達が少ない,,5,平坂読
9784840138819,僕は友達が少ない,,6,平坂読
9784840142229,僕は友達が少ない,,7,平坂読
9784840145985,僕は友達が少ない,,8,平坂読
9784840151290,僕は友達が少ない,,9,平坂読
9784040663920,僕は友達が少ない,,10,平坂読
9784840143066,僕は友達が少ない ゆにばーす,,1,平坂読
9784840149822,僕は友達が少ない ゆにばーす,,2,平坂読
9784840143653,僕は友達が少ない CONNECT,,ONLY ONE,平坂読
9784094515077,妹さえいればいい。,,1,平坂読
9784094515602,妹さえいればいい。,,2,平坂読
9784094515800,妹さえいればいい。,,3,平坂読
9784094515985,妹さえいればいい。,,4,平坂読
9784094516180,妹さえいればいい。,,5,平坂読
9784094516463,妹さえいればいい。,,6,平坂読
9784094516777,妹さえいればいい。,,7,平坂読
9784094516975,妹さえいればいい。,,8,平坂読
9784094517194,妹さえいればいい。,,9,平坂読
9784049125375,破滅の刑死者,内閣情報調査室「特務捜査」部門CIRO-S,1,吹井賢
9784048680714,ねこシス,,ONLY ONE,伏見つかさ
9784048932851,俺の妹がこんなに可愛いわけがない,あやせif 上,13,伏見つかさ
9784048932851,俺の妹がこんなに可愛いわけがない,あやせif 上,13,伏見つかさ
9784049138214,魔女の娘,,ONLY ONE,冬月いろり
9784101800332,忘却のレーテ,,ONLY ONE,法条遙
9784049167054,遥か遠くのスターライト,,ONLY ONE,牧野圭祐
9784049125610,規格外の錬銀術師、最凶吸血鬼の始祖となる 蒼はアルケミスト学園と踊らない,,ONLY ONE,枕木みる太
9784048655415,アンダーワールドストリートへようこそ 不運な女の子と呪われたボディガード,,ONLY ONE,真坂マサル
9784048922791,三輪ケイトの秘密の暗号表,,ONLY ONE,真坂マサル
9784048938556,まさか勇者が可愛すぎて倒せないっていうんですか?,,ONLY ONE,真代屋秀晃
9784049123968,15歳のテロリスト,,ONLY ONE,松村涼哉
9784048926140,タイムカプセル浪漫紀行,,ONLY ONE,松山剛
9784049140026,僕の愛したジークフリーデ,第2部 失われし王女の物語,2,松山剛
9784049122176,法廷の王様 弁護士・霧島連次郎,,ONLY ONE,間宮夏生
9784049139464,天使は炭酸しか飲まない,,1,丸深まろやか
9784049143447,天使は炭酸しか飲まない,,2,丸深まろやか
9784048660013,スターティング・オーヴァー,,ONLY ONE,三秋縋
9784048654425,僕が電話をかけていた場所,,ONLY ONE,三秋縋
9784048654425,僕が電話をかけていた場所,,ONLY ONE,三秋縋
9784048924115,恋する寄生虫,,ONLY ONE,三秋縋
9784049132526,虚ろなるレガリア,Corpse Reviver,01,三雲岳斗
9784048652094,放送中です！にしおぎ街角ラジオ,,ONLY ONE,岬鷺宮
9784048922784,踊り場姫コンチェルト The revolving star & A watch maker,,ONLY ONE,岬鷺宮
9784049141559,恋は夜空をわたって,,1,岬鷺宮
9784040656335,罪人楽園,,ONLY ONE,水城水城
9784049120387,学校の屋上から君とあの歌を贈ろう,,ONLY ONE,道草よもぎ
9784049120387,学校の屋上から君とあの歌を贈ろう,,ONLY ONE,道草よもぎ
9784046808400,グッバイ宣言,,1,三月みどり
9784048938280,スカートのなかのひみつ。,,ONLY ONE,宮入裕昂
9784048867061,還りの会で言ってやる Human ERROR in Emotions,,ONLY ONE,八重野統摩
9784048918671,プリズム少女 四季には絵を描いて,,ONLY ONE,八重野統摩
9784048665605,犯罪者書館アレクサンドリア 殺人鬼はパピルスの森にいる,,ONLY ONE,八重野統摩
9784094516104,弱キャラ友崎くん,Lv.1,1,屋久ユウキ
9784094516319,弱キャラ友崎くん,Lv.2,2,屋久ユウキ
9784094516555,弱キャラ友崎くん,Lv.3,3,屋久ユウキ
9784094517095,弱キャラ友崎くん,Lv.5,5,屋久ユウキ
9784094517330,弱キャラ友崎くん,Lv.6,6,屋久ユウキ
9784094517576,弱キャラ友崎くん,Lv.6.5,6.5,屋久ユウキ
9784094517897,弱キャラ友崎くん,Lv.7 イラスト集付き特装版,7,屋久ユウキ
9784094518153,弱キャラ友崎くん,Lv.8,8,屋久ユウキ
9784094518788,弱キャラ友崎くん,Lv.9,9,屋久ユウキ
9784040674803,絶深海のソラリス,,2,らきるち
9784049133844,バケモノたちが嘯く頃に バケモノ姫の家庭教師,,ONLY ONE,竜騎士07
9784048702706,はたらく魔王さま！,,1,和ヶ原聡司
9784048708159,はたらく魔王さま！,,3,和ヶ原聡司
9784048863445,はたらく魔王さま！,,4,和ヶ原聡司
9784048652056,はたらく魔王さま！,,13,和ヶ原聡司
9784048657501,はたらく魔王さま！,,15,和ヶ原聡司
9784048928922,はたらく魔王さま！,,17,和ヶ原聡司
9784048938778,はたらく魔王さま！SP,,ONLY ONE,和ヶ原聡司
9784048926676,はたらく魔王さま！,ハイスクールN！,ONLY ONE,和ヶ原聡司
9784049133837,ドラキュラやきん！,,1,和ヶ原聡司
9784049135428,ドラキュラやきん！,,2,和ヶ原聡司
9784048869973,天体少年。 さよならの軌道、さかさまの七夜,,ONLY ONE,渡来ななみ
9784094512625,やはり俺の青春ラブコメはまちがっている。,,1,渡航
9784094512861,やはり俺の青春ラブコメはまちがっている。,,2,渡航
9784094513332,やはり俺の青春ラブコメはまちがっている。,イラスト集付き限定特装版,4,渡航
9784094513561,やはり俺の青春ラブコメはまちがっている。,,5,渡航
9784094514346,やはり俺の青春ラブコメはまちがっている。,,7.5,渡航
9784094514537,やはり俺の青春ラブコメはまちがっている。,イラスト集付き限定特装版,8,渡航
9784094514827,やはり俺の青春ラブコメはまちがっている。,,9,渡航
9784094515237,やはり俺の青春ラブコメはまちがっている。,,10,渡航
9784094515237,やはり俺の青春ラブコメはまちがっている。,,10,渡航
9784094515428,やはり俺の青春ラブコメはまちがっている。,,10.5,渡航
9784094515589,やはり俺の青春ラブコメはまちがっている。,,11,渡航
9784094516746,やはり俺の青春ラブコメはまちがっている。,,12,渡航
9784094517620,やはり俺の青春ラブコメはまちがっている。,,13,渡航
9784094517811,やはり俺の青春ラブコメはまちがっている。,,14,渡航
